URL,Last crawled
https://learnprompting.org/ko/blog,2024-03-09
https://learnprompting.org/1,2024-03-09
https://learnprompting.org/zh-tw/blog/archive,2024-03-09
https://learnprompting.org/ja/zh-Hans/ko/ko/docs/bibliography,2024-03-09
https://learnprompting.org/ru/blog/archive,2024-03-09
https://learnprompting.org/si/blog/archive,2024-03-09
https://learnprompting.org/ja/our_services,2024-03-09
https://learnprompting.org/fr/blog,2024-03-09
https://learnprompting.org/id/blog/2023/11/16/competition-review,2024-03-09
https://learnprompting.org/de/our_services,2024-03-09
https://learnprompting.org/uk/blog/archive,2024-03-09
https://learnprompting.org/el/docs/tooling/IDEs/multi,2024-03-09
https://learnprompting.org/uk/blog/2023/11/16/competition-review,2024-03-09
https://learnprompting.org/de/docs/intermediate/whats_in_a_prompt,2024-03-09
https://learnprompting.org/id/docs/intermediate/whats_in_a_prompt,2024-03-09
https://learnprompting.org/de/blog/2022/12/20/prompt-injection-competition,2024-03-09
https://learnprompting.org/pt/blog/2023/11/16/competition-review,2024-03-09
https://learnprompting.org/ka/docs/advanced_applications/react,2024-03-09
https://learnprompting.org/ai4,2024-03-09
https://learnprompting.org/zh-Hans/blog/2023/11/16/competition-review,2024-03-09
https://learnprompting.org/zh-tw/blog/2023/11/16/competition-review,2024-03-09
https://learnprompting.org/it/docs/prompt_hacking/jailbreaking,2024-03-09
https://learnprompting.org/uk/blog/2022/12/20/prompt-injection-competition,2024-03-09
https://learnprompting.org/ru/assets/images/recitation-671b162f9b90e2dabfa1c00a2b5e3e66.webp,2024-03-09
https://learnprompting.org/eo/docs/image_prompting/quality_boosters,2024-03-09
https://learnprompting.org/ka/docs/image_prompting/weighted_terms,2024-03-09
https://learnprompting.org/de//ru,2024-03-09
https://learnprompting.org/zh-Hans//id,2024-03-09
https://learnprompting.org/fr/zh-Hans/si/pt/pt/,2024-03-09
https://learnprompting.org/he/docs/prompt_hacking/offensive_measures/payload_splitting,2024-03-09
https://learnprompting.org/hr/docs/prompt_hacking/defensive_measures/other,2024-03-09
https://learnprompting.org/ka/docs/tooling/IDEs/humanloop,2024-03-09
https://learnprompting.org/si/fr/es/pt/fr/supporters,2024-03-09
https://learnprompting.org/hi/docs/image_prompting/shot_type,2024-03-09
https://learnprompting.org/zh-Hans/docs/Images/resources,2024-03-08
https://learnprompting.org/he/docs/basics/instructions,2024-03-08
https://learnprompting.org/uk/terms_of_use,2024-03-08
https://learnprompting.org/de/terms_of_use,2024-03-08
https://learnprompting.org/he/docs/applied_prompting/build_chatgpt,2024-03-08
https://learnprompting.org/terms_of_use,2024-03-08
https://learnprompting.org/privacy_policy,2024-03-08
https://learnprompting.org/eo/docs/advanced_applications/react,2024-03-08
https://learnprompting.org/ka/docs/tooling/IDEs/openprompt,2024-03-08
https://learnprompting.org/ja/fr/fr/supporters,2024-03-08
https://learnprompting.org/hi/docs/hot_topics,2024-03-08
https://learnprompting.org/ar/hiring,2024-03-08
https://learnprompting.org/ja/blog/2023/11/16/competition-review,2024-03-08
https://learnprompting.org/hi/docs/tooling/IDEs/promptsai,2024-03-08
https://learnprompting.org/it/docs/prompt_hacking/offensive_measures/code_injection,2024-03-08
https://learnprompting.org/fr/blog/2023/11/16/competition-review,2024-03-08
https://learnprompting.org/ru/blog,2024-03-08
https://learnprompting.org/hi/docs/prompt_hacking/defensive_measures/post_prompting,2024-03-08
https://learnprompting.org/si/our_services,2024-03-08
https://learnprompting.org/eo/docs/miscl/trickery,2024-03-08
https://learnprompting.org/hr/docs/intermediate/whats_in_a_prompt,2024-03-08
https://learnprompting.org/ar/ai4,2024-03-08
https://learnprompting.org/fr/ai4,2024-03-08
https://learnprompting.org/id/our_services,2024-03-08
https://learnprompting.org/uk/assets/images/openai_playground-80fcb2440e8e3cd8822b33ef1b68b29f.webp,2024-03-08
https://learnprompting.org/ka/docs/tooling/IDEs/promptsource,2024-03-08
https://learnprompting.org/it/docs/tooling/IDEs/soaked,2024-03-08
https://learnprompting.org/hi/docs/additional,2024-03-08
https://learnprompting.org/assets/images/promptide-e05bd9300a2fe72c334773925d497a77.webp,2024-03-08
https://learnprompting.org/HackAPrompt,2024-03-08
https://learnprompting.org/zh-tw/privacy_policy,2024-03-07
https://learnprompting.org/si/,2024-03-07
https://learnprompting.org/el/docs/prompt_hacking/defensive_measures/xml_tagging,2024-03-07
https://learnprompting.org/assets/images/promptsandbox-5874cf6649ab4a029b85b511cc671bfd.webp,2024-03-07
https://learnprompting.org/eo/docs/prompt_hacking/defensive_measures/llm_eval,2024-03-07
https://learnprompting.org/hu/docs/credits,2024-03-07
https://learnprompting.org/forkme,2024-03-07
https://learnprompting.org/ja/discord,2024-03-07
https://learnprompting.org/si/docs/intermediate/whats_in_a_prompt,2024-03-07
https://learnprompting.org/zh-Hans/discord,2024-03-06
https://learnprompting.org/pt/terms_of_use,2024-03-06
https://learnprompting.org/ka/docs/prompt_hacking/jailbreaking,2024-03-06
https://learnprompting.org/de/discord,2024-03-06
https://learnprompting.org/he/docs/tooling/IDEs/dream_studio,2024-03-06
https://learnprompting.org/id/discord,2024-03-06
https://learnprompting.org/uk/discord,2024-03-06
https://learnprompting.org/si,2024-03-06
https://learnprompting.org/ur,2024-03-06
https://learnprompting.org/el/docs/tooling/IDEs/spellbook,2024-03-06
https://learnprompting.org/es/docs/Images/fix_deformed_generations,2024-03-06
https://learnprompting.org/docs/Images/intro,2024-03-06
https://learnprompting.org/pt/hiring,2024-03-06
https://learnprompting.org/docs/tooling/IDEs/dyno,2024-03-06
https://learnprompting.org/ur/our_services,2024-03-06
https://learnprompting.org/docs/Images/fix_deformed_generations,2024-03-06
https://learnprompting.org/ka/docs/prompt_hacking/defensive_measures/llm_eval,2024-03-06
https://learnprompting.org/ko/privacy_policy,2024-03-06
https://learnprompting.org/es/privacy_policy,2024-03-06
https://learnprompting.org/ar/privacy_policy,2024-03-06
https://learnprompting.org/id/privacy_policy,2024-03-06
https://learnprompting.org/zh-tw/blog,2024-03-06
https://learnprompting.org/es/docs/Images/midjourney,2024-03-06
https://learnprompting.org/zh-Hans/docs/Images/fix_deformed_generations,2024-03-06
https://learnprompting.org/eo/docs/prompt_hacking/offensive_measures/payload_splitting,2024-03-06
https://learnprompting.org/docs/Images/weighted_terms,2024-03-06
https://learnprompting.org/el/docs/tooling/IDEs/langchain,2024-03-06
https://learnprompting.org/ko/docs/Images/weighted_terms,2024-03-06
https://learnprompting.org/fr/privacy_policy,2024-03-06
https://learnprompting.org/he/docs/intermediate/least_to_most,2024-03-06
https://learnprompting.org/hi/docs/intermediate/long_form_content,2024-03-06
https://learnprompting.org/hr/docs/tooling/IDEs/langchain,2024-03-06
https://learnprompting.org/el/docs/prompt_hacking/defensive_measures/sandwich_defense,2024-03-06
https://learnprompting.org/eo/docs/intermediate/generated_knowledge,2024-03-06
https://learnprompting.org/zh-Hans/docs/Images/weighted_terms,2024-03-06
https://learnprompting.org/hu/docs/prompt_hacking/defensive_measures/sandwich_defense,2024-03-06
https://learnprompting.org/hi/docs/basics/learn_prompting_method,2024-03-06
https://learnprompting.org/it/docs/applied_prompting/overview,2024-03-06
https://learnprompting.org/it/docs/image_prompting/shot_type,2024-03-06
https://learnprompting.org/el/docs/basics/combining_techniques,2024-03-06
https://learnprompting.org/ja/privacy_policy,2024-03-06
https://learnprompting.org/eo/docs/prompt_hacking/offensive_measures/defined_dictionary,2024-03-06
https://learnprompting.org/fr/pt/ru/fr/ja/,2024-03-06
https://learnprompting.org/ko/si/ko/pt/es/pt/,2024-03-06
https://learnprompting.org/he/docs/intermediate/generated_knowledge,2024-03-06
https://learnprompting.org/ur/hiring,2024-03-06
https://learnprompting.org/it/docs/advanced_applications/mrkl,2024-03-06
https://learnprompting.org/ka/docs/basics/pitfalls,2024-03-06
https://learnprompting.org/ko/assets/images/advancedmobile-3b0207ee950209302257a9fe2b9a6758.webp,2024-03-06
https://learnprompting.org/hi/docs/basic_applications/blog_generation,2024-03-06
https://learnprompting.org/fr/discord,2024-03-06
https://learnprompting.org/ka/docs/image_prompting/repetition,2024-03-05
https://learnprompting.org/pt/discord,2024-03-05
https://learnprompting.org/ka/docs/basic_applications/study_tool,2024-03-05
https://learnprompting.org/hu/docs/basics/pitfalls,2024-03-05
https://learnprompting.org/eo/docs/prompt_hacking/defensive_measures/sandwich_defense,2024-03-05
https://learnprompting.org/hr/docs/tooling/IDEs/snorkel,2024-03-05
https://learnprompting.org/it/docs/advanced_applications/react,2024-03-05
https://learnprompting.org/eo/docs/basic_applications/coding_assistance,2024-03-05
https://learnprompting.org/zh-tw//de,2024-03-05
https://learnprompting.org/eo/docs/tooling/IDEs/promptsource,2024-03-05
https://learnprompting.org/hi/docs/credits,2024-03-05
https://learnprompting.org/es/discord,2024-03-05
https://learnprompting.org/hr/docs/basic_applications/coding_assistance,2024-03-05
https://learnprompting.org/ka/docs/tooling/IDEs/langchain,2024-03-05
https://learnprompting.org/hr/docs/reliability/ensembling,2024-03-05
https://learnprompting.org/he/docs/credits,2024-03-05
https://learnprompting.org/hu/docs/basic_applications/digital_marketing,2024-03-05
https://learnprompting.org/ru/discord,2024-03-05
https://learnprompting.org/ka/docs/tooling/IDEs/snorkel,2024-03-05
https://learnprompting.org/zh-tw/terms_of_use,2024-03-05
https://learnprompting.org/hr/docs/prompt_hacking/offensive_measures/payload_splitting,2024-03-04
https://learnprompting.org/hu/docs/intermediate/generated_knowledge,2024-03-04
https://learnprompting.org/ar/discord,2024-03-04
https://learnprompting.org/hu/docs/prompt_hacking/offensive_measures/code_injection,2024-03-04
https://learnprompting.org/ka/docs/reliability/intro,2024-03-04
https://learnprompting.org/hi/docs/basics/prompt_engineering,2024-03-04
https://learnprompting.org/fr//id,2024-03-04
https://learnprompting.org/eo/docs/prompt_hacking/intro,2024-03-04
https://learnprompting.org/es/hiring,2024-03-04
https://learnprompting.org/ko//uk,2024-03-04
https://learnprompting.org/eo/docs/advanced_applications/overview,2024-03-04
https://learnprompting.org/eo/docs/image_prompting/intro,2024-03-04
https://learnprompting.org/ar/,2024-03-04
https://learnprompting.org/ko/discord,2024-03-04
https://learnprompting.org/el/docs/tooling/IDEs/theforgeai,2024-03-04
https://learnprompting.org/he/docs/tooling/IDEs/conclusion,2024-03-04
https://learnprompting.org/hi/docs/prompt_hacking/defensive_measures/filtering,2024-03-04
https://learnprompting.org/ka/docs/prompt_hacking/defensive_measures/xml_tagging,2024-03-04
https://learnprompting.org/hi/docs/prompt_hacking/offensive_measures/virtualization,2024-03-04
https://learnprompting.org/he/docs/basics/few_shot,2024-03-03
https://learnprompting.org/ka/docs/tooling/IDEs/everyprompt,2024-03-03
https://learnprompting.org/ka/docs/basic_applications/coding_assistance,2024-03-03
https://learnprompting.org/he/docs/reliability/math,2024-03-03
https://learnprompting.org/eo/docs/tooling/IDEs/openprompt,2024-03-03
https://learnprompting.org/hi/docs/prompt_hacking/offensive_measures/code_injection,2024-03-03
https://learnprompting.org/he/docs/basic_applications/study_tool,2024-03-03
https://learnprompting.org/it/docs/tooling/IDEs/patience,2024-03-03
https://learnprompting.org/ka/docs/reliability/lm_self_eval,2024-03-03
https://learnprompting.org/it/docs/prompt_hacking/offensive_measures/payload_splitting,2024-03-03
https://learnprompting.org/hi/docs/tooling/IDEs/playground,2024-03-03
https://learnprompting.org/hu/docs/tooling/IDEs/dust,2024-03-03
https://learnprompting.org/it/docs/reliability/math,2024-03-03
https://learnprompting.org/docs/basics/priming_prompt)Û”,2024-03-03
https://learnprompting.org/hi/docs/intermediate/generated_knowledge,2024-03-03
https://learnprompting.org/eo/docs/products,2024-03-03
https://learnprompting.org/ka/docs/basics/formalizing,2024-03-03
https://learnprompting.org/it/docs/reliability/lm_self_eval,2024-03-03
https://learnprompting.org/hi/docs/basics/world,2024-03-03
https://learnprompting.org/it/docs/tooling/IDEs/intro,2024-03-03
https://learnprompting.org/el/docs/tooling/IDEs/dust,2024-03-03
https://learnprompting.org/hi/docs/basic_applications/introduction,2024-03-03
https://learnprompting.org/hi/docs/image_prompting/fix_deformed_generations,2024-03-03
https://learnprompting.org/he/docs/basic_applications/summarize,2024-03-03
https://learnprompting.org/hu/docs/image_prompting/weighted_terms,2024-03-03
https://learnprompting.org/it/docs/hot_topics,2024-03-03
https://learnprompting.org/he/docs/reliability/intro,2024-03-03
https://learnprompting.org/hr/docs/basics/roles,2024-03-03
https://learnprompting.org/hr/docs/vocabulary,2024-03-03
https://learnprompting.org/hu/docs/tooling/IDEs/langchain,2024-03-03
https://learnprompting.org/he/docs/basics/chatbot_basics,2024-03-03
https://learnprompting.org/eo/docs/prompt_hacking/injection,2024-03-03
https://learnprompting.org/ar/docs/Images/intro,2024-03-03
https://learnprompting.org/docs/basics/more_on_prompting,2024-03-03
https://learnprompting.org/he/docs/tooling/IDEs/playground,2024-03-03
https://learnprompting.org/ka/docs/vocabulary,2024-03-03
https://learnprompting.org/hu/docs/basics/configuration_hyperparameters,2024-03-03
https://learnprompting.org/about,2024-03-03
https://learnprompting.org/it/docs/intermediate/whats_in_a_prompt,2024-03-03
https://learnprompting.org/it/docs/reliability/debiasing,2024-03-02
https://learnprompting.org/pt/docs/Images/midjourney,2024-03-02
https://learnprompting.org/hr/docs/credits,2024-03-02
https://learnprompting.org/it/docs/basic_applications/zapier_for_emails,2024-03-02
https://learnprompting.org/el/docs/basics/chatbot_basics,2024-03-02
https://learnprompting.org/hi/docs/tooling/IDEs/promptmetheus,2024-03-02
https://learnprompting.org/it/docs/prompt_hacking/defensive_measures/xml_tagging,2024-03-02
https://learnprompting.org/he/docs/image_prompting/shot_type,2024-03-02
https://learnprompting.org/pt/supporters,2024-03-02
https://learnprompting.org/he/docs/tooling/IDEs/kollaprompt,2024-03-02
https://learnprompting.org/it/docs/reliability/intro,2024-03-02
https://learnprompting.org/eo/docs/basics/configuration_hyperparameters,2024-03-02
https://learnprompting.org/hr/docs/prompt_hacking/jailbreaking,2024-03-02
https://learnprompting.org/it/docs/basics/starting_your_journey,2024-03-02
https://learnprompting.org/eo/docs/bibliography,2024-03-02
https://learnprompting.org/si/docs/Images/midjourney,2024-03-02
https://learnprompting.org/el/docs/prompt_hacking/defensive_measures/overview,2024-03-02
https://learnprompting.org/he/docs/basics/prompting,2024-03-02
https://learnprompting.org/si/fr/supporters,2024-03-01
https://learnprompting.org/pt/ja/fr/ja/,2024-03-01
https://learnprompting.org/hu/docs/trainable/discretized,2024-02-29
https://learnprompting.org/ka/docs/miscl/music,2024-02-29
https://learnprompting.org/es/ko/ko/zh-Hans/fr/certificate,2024-02-28
https://learnprompting.org/vi/docs/basic_applications/writing_emails,2024-02-27
https://learnprompting.org/pt/pt/ja/ja/,2024-02-27
https://learnprompting.org/ru/pt/ja/ja/,2024-02-27
https://learnprompting.org/ja/es/es/si/ru/docs/credits,2024-02-27
https://learnprompting.org/es/es/zh-Hans/docs/intermediate/self_consistency,2024-02-26
https://learnprompting.org/ja/zh-Hans/ru/ja/si/pt/pt/,2024-02-26
https://learnprompting.org/eo/docs/basics/pitfalls,2024-02-26
https://learnprompting.org/docs/intro/,2024-02-25
https://learnprompting.org/fr/ru/docs/category/-applied-prompting,2024-02-25
https://learnprompting.org/ja/es/pt/fr/supporters,2024-02-25
https://learnprompting.org/favicon.ico,2024-02-25
https://learnprompting.org/docs/assets/trainable/prompt_tuning.webp,2024-02-24
https://learnprompting.org/ko/zh-Hans/fr/zh-Hans/ko/es/docs/intermediate/least_to_most,2024-02-24
https://learnprompting.org/docs/assets/images_chapter/gemstone_sd_1.webp,2024-02-24
https://learnprompting.org/docs/assets/jailbreak/hotwire_jailbreak.webp,2024-02-23
https://learnprompting.org/hr/docs/basic_applications/introduction,2024-02-23
https://learnprompting.org/docs/assets/images_chapter/astronaut_sd_1.webp,2024-02-23
https://learnprompting.org/docs/assets/images_chapter/midjourney_astronaut_params_q05.webp,2024-02-23
https://learnprompting.org/docs/assets/images_chapter/astronaut_dalle_1.webp,2024-02-23
https://learnprompting.org/docs/Images/resources/1000,2024-02-23
https://learnprompting.org/docs/assets/basic_applications/skippy_chatbot.webp,2024-02-23
https://learnprompting.org/docs/assets/astronaut_welcome.webp,2024-02-23
https://learnprompting.org/pt/si/si/docs/intermediate/whats_in_a_prompt,2024-02-23
https://learnprompting.org/docs/assets/basic_applications/Friendship_Chris_Rock.webp,2024-02-23
https://learnprompting.org/pt/es/ru/docs/credits,2024-02-23
https://learnprompting.org/docs/assets/basics/openai_mode.webp,2024-02-23
https://learnprompting.org/zh-Hans/docs/basic_applications/emojis/1000,2024-02-23
https://learnprompting.org/docs/assets/jailbreak/lynx_jailbreak.webp,2024-02-23
https://learnprompting.org/ko/docs/Images/fix_deformed_generations,2024-02-23
https://learnprompting.org/docs/assets/basics/openai_playground.webp,2024-02-23
https://learnprompting.org/docs/assets/images_chapter/gemstone_sd_3.webp,2024-02-23
https://learnprompting.org/ka/docs/advanced_applications/pal,2024-02-23
https://learnprompting.org/docs/assets/images_chapter/rockets_dalle_1.webp,2024-02-23
https://learnprompting.org/es/fr/ko/ru/pt/,2024-02-23
https://learnprompting.org/docs/assets/images_chapter/close_up_shot.webp,2024-02-23
https://learnprompting.org/docs/assets/images_chapter/long_shot.webp,2024-02-23
https://learnprompting.org/docs/assets/jailbreak/chatgpt_actor.webp,2024-02-23
https://learnprompting.org/docs/assets/images_chapter/midjourney_astronaut_params_c20.webp,2024-02-23
https://learnprompting.org/si/ja/pt/docs/category/-applied-prompting,2024-02-23
https://learnprompting.org/docs/assets/images_chapter/bird_eye_shot.webp,2024-02-23
https://learnprompting.org/docs/assets/images_chapter/midjourney_astronaut_params.webp,2024-02-23
https://learnprompting.org/docs/assets/images_chapter/medium_shot.webp,2024-02-23
https://learnprompting.org/ko/ja/ja/docs/basics/starting_your_journey,2024-02-23
https://learnprompting.org/docs/assets/basic_applications/Friendship_Millennial.webp,2024-02-23
https://learnprompting.org/docs/assets/images_chapter/midjourney_astronaut_params_v1.webp,2024-02-23
https://learnprompting.org/docs/assets/images_chapter/midjourney_astronaut_params_q2.webp,2024-02-22
https://learnprompting.org/docs/assets/advanced/pal.webp,2024-02-22
https://learnprompting.org/docs/assets/tooling/dust.webp,2024-02-22
https://learnprompting.org/docs/assets/basics/API_key.webp,2024-02-22
https://learnprompting.org/docs/assets/images_chapter/wide_shot.webp,2024-02-22
https://learnprompting.org/zh-Hans/fr/es/pt/fr/supporters,2024-02-22
https://learnprompting.org/docs/assets/images_chapter/computer_dalle_1.webp,2024-02-22
https://learnprompting.org/docs/assets/miscl/riffusion_phonk.webp,2024-02-22
https://learnprompting.org/docs/assets/images_chapter/midjourney_astronaut_params_tilecomplete.webp,2024-02-22
https://learnprompting.org/ka/docs/prompt_hacking/defensive_measures/post_prompting,2024-02-22
https://learnprompting.org/docs/assets/images_chapter/special_pyramids.webp,2024-02-22
https://learnprompting.org/ja//uk,2024-02-22
https://learnprompting.org/docs/assets/intermediate/knowledge_generation.webp,2024-02-22
https://learnprompting.org/docs/assets/images_chapter/midjourney_astronaut.webp,2024-02-22
https://learnprompting.org/docs/assets/jailbreak/jailbreak_research.webp,2024-02-22
https://learnprompting.org/vi/docs/basics/prompt_engineering,2024-02-22
https://learnprompting.org/zh-Hans/ru/fr/ja/,2024-02-22
https://learnprompting.org/si/ja/pt/es/pt/,2024-02-22
https://learnprompting.org/el/docs/reliability/lm_self_eval,2024-02-22
https://learnprompting.org/docs/assets/images_chapter/planets.webp,2024-02-22
https://learnprompting.org/docs/assets/basic_applications/Generic_Friendship.webp,2024-02-22
https://learnprompting.org/docs/assets/images_chapter/midjourney_astronaut_multi1.webp,2024-02-22
https://learnprompting.org/docs/assets/jailbreak/bing_chat.webp,2024-02-22
https://learnprompting.org/ka/docs/applied_prompting/build_chatbot_from_kb,2024-02-22
https://learnprompting.org/docs/assets/reliability/AMA_multiprompting.webp,2024-02-22
https://learnprompting.org/docs/assets/reliability/self_consistency.webp,2024-02-22
https://learnprompting.org/docs/assets/images_chapter/midjourney_astronaut_params_s50.webp,2024-02-22
https://learnprompting.org/docs/assets/images_chapter/midjourney_astronaut_params_a169.webp,2024-02-22
https://learnprompting.org/docs/assets/images_chapter/low_angle_shot.webp,2024-02-22
https://learnprompting.org/docs/assets/jailbreak/responsibility_jailbreak.webp,2024-02-22
https://learnprompting.org/docs/assets/jailbreak/sudo_mode_jailbreak.webp,2024-02-22
https://learnprompting.org/docs/assets/images_chapter/midjourney_astronaut_params_a12.webp,2024-02-22
https://learnprompting.org/ko/ru/zh-Hans/ko/docs/basics/intro,2024-02-22
https://learnprompting.org/zh-Hans/ru/ru/docs/credits,2024-02-22
https://learnprompting.org/vi/docs/trainable/soft_prompting,2024-02-22
https://learnprompting.org/docs/assets/jailbreak/injection_leak.webp,2024-02-22
https://learnprompting.org/docs/assets/basic_applications/chatgpt_ui_diagram.webp,2024-02-22
https://learnprompting.org/docs/assets/jailbreak/chatgpt4.webp,2024-02-22
https://learnprompting.org/hr/docs/additional,2024-02-22
https://learnprompting.org/pt/ko/ru/pt/,2024-02-22
https://learnprompting.org/eo/docs/reliability/intro,2024-02-22
https://learnprompting.org/vi/docs/advanced_applications/pal,2024-02-22
https://learnprompting.org/ka/docs/basic_applications/zapier_for_emails,2024-02-22
https://learnprompting.org/docs/assets/images_chapter/red_pyramids.webp,2024-02-22
https://learnprompting.org/it/docs/tooling/IDEs/openprompt,2024-02-22
https://learnprompting.org/hu/docs/tooling/IDEs/anysolve,2024-02-22
https://learnprompting.org/vi/docs/bibliography,2024-02-22
https://learnprompting.org/docs/assets/jailbreak/logic.webp,2024-02-22
https://learnprompting.org/ka/docs/basic_applications/summarize,2024-02-22
https://learnprompting.org/docs/assets/images_chapter/planet.webp,2024-02-22
https://learnprompting.org/docs/assets/intermediate/gen_k_p1.webp,2024-02-22
https://learnprompting.org/vi/docs/tooling/IDEs/openprompt,2024-02-22
https://learnprompting.org/zh-Hans//ru,2024-02-22
https://learnprompting.org/si/ru/consulting,2024-02-22
https://learnprompting.org/vi/docs/advanced_applications/overview,2024-02-22
https://learnprompting.org/hu/docs/basics/world,2024-02-22
https://learnprompting.org/pt//de,2024-02-22
https://learnprompting.org/vi/docs/reliability/ensembling,2024-02-22
https://learnprompting.org/ka/docs/prompt_hacking/offensive_measures/virtualization,2024-02-22
https://learnprompting.org/el/docs/additional,2024-02-22
https://learnprompting.org/docs/assets/images_chapter/bad_pitt.webp,2024-02-22
https://learnprompting.org/docs/assets/images_chapter/rocket_sd_1.webp,2024-02-22
https://learnprompting.org/ka/docs/prompt_hacking/offensive_measures/payload_splitting,2024-02-22
https://learnprompting.org/eo/docs/intermediate/least_to_most,2024-02-22
https://learnprompting.org/hu/docs/prompt_hacking/injection,2024-02-22
https://learnprompting.org/ka/docs/basic_applications/writing_emails,2024-02-22
https://learnprompting.org/hu/docs/reliability/debiasing,2024-02-22
https://learnprompting.org/hu/docs/image_prompting/fix_deformed_generations,2024-02-22
https://learnprompting.org/ka/docs/intermediate/generated_knowledge,2024-02-22
https://learnprompting.org/it/docs/basics/intro,2024-02-22
https://learnprompting.org/es//uk,2024-02-22
https://learnprompting.org/docs/assets/images_chapter/midjourney_astronaut_params_v3.webp,2024-02-22
https://learnprompting.org/docs/assets/images_chapter/planet_aliens.webp,2024-02-22
https://learnprompting.org/docs/assets/intermediate/zero_shot.webp,2024-02-22
https://learnprompting.org/docs/assets/basic_applications/chatbot_from_kb_login.webp,2024-02-21
https://learnprompting.org/docs/assets/images_chapter/midjourney_astronaut_params_sameseed.webp,2024-02-21
https://learnprompting.org/docs/assets/basic_applications/skippy_chatbot_header.webp,2024-02-21
https://learnprompting.org/ka/docs/basics/few_shot,2024-02-21
https://learnprompting.org/zh-Hans//de,2024-02-21
https://learnprompting.org/docs/assets/images_chapter/extreme_long_shot.webp,2024-02-21
https://learnprompting.org/docs/assets/basic_applications/Friendship_Mark_Twain.webp,2024-02-21
https://learnprompting.org/ka/docs/basic_applications/writing_in_diff_voices,2024-02-21
https://learnprompting.org/hr/docs/basics/configuration_hyperparameters,2024-02-21
https://learnprompting.org/de//uk,2024-02-21
https://learnprompting.org/vi/docs/basic_applications/zapier_for_emails,2024-02-21
https://learnprompting.org/docs/assets/images_chapter/midjourney_astronaut_params_tile.webp,2024-02-21
https://learnprompting.org/ar//ru,2024-02-21
https://learnprompting.org/it/docs/basics/embeds,2024-02-21
https://learnprompting.org/docs/assets/images_chapter/bad_water.webp,2024-02-21
https://learnprompting.org/ka/docs/prompt_hacking/offensive_measures/defined_dictionary,2024-02-21
https://learnprompting.org/docs/assets/jailbreak/injection_job.webp,2024-02-21
https://learnprompting.org/hu/docs/prompt_hacking/offensive_measures/virtualization,2024-02-21
https://learnprompting.org/ka/docs/basics/priming_prompt,2024-02-21
https://learnprompting.org/zh-tw//ru,2024-02-21
https://learnprompting.org/vi/docs/image_prompting/fix_deformed_generations,2024-02-21
https://learnprompting.org/docs/assets/basics/chain_of_thought_example.webp,2024-02-21
https://learnprompting.org/docs/assets/advanced/react_performance.webp,2024-02-21
https://learnprompting.org/hu/docs/image_prompting/repetition,2024-02-21
https://learnprompting.org/docs/assets/images_chapter/midjourney_astronaut_multi2.webp,2024-02-21
https://learnprompting.org/he/docs/image_prompting/weighted_terms,2024-02-21
https://learnprompting.org/el/docs/image_prompting/intro,2024-02-21
https://learnprompting.org/he/docs/basic_applications/introduction,2024-02-21
https://learnprompting.org/docs/assets/jailbreak/sudo_jailbreak.webp,2024-02-21
https://learnprompting.org/hu/docs/applied_prompting/short_response,2024-02-21
https://learnprompting.org/hu/docs/reliability/ensembling,2024-02-21
https://learnprompting.org/ka/docs/basics/instructions,2024-02-21
https://learnprompting.org/it/docs/reliability/ensembling,2024-02-21
https://learnprompting.org/hr/docs/reliability/math,2024-02-21
https://learnprompting.org/docs/assets/intermediate/least_to_most_formal.webp,2024-02-21
https://learnprompting.org/docs/assets/basic_applications/Zapiermail/Step2.webp,2024-02-21
https://learnprompting.org/docs/assets/images_chapter/gemstone_sd_2.webp,2024-02-21
https://learnprompting.org/docs/assets/tooling/promptsandbox.webp,2024-02-21
https://learnprompting.org/docs/assets/images_chapter/good_pitt.webp,2024-02-21
https://learnprompting.org/docs/assets/images_chapter/midjourney_astronaut_params_c80.webp,2024-02-21
https://learnprompting.org/docs/assets/basic_applications/short_content_auto.webp,2024-02-21
https://learnprompting.org/docs/assets/basics/chatgpt_interface.webp,2024-02-21
https://learnprompting.org/it/docs/intermediate/long_form_content,2024-02-21
https://learnprompting.org/docs/assets/basic_applications/Friendship_Informal.webp,2024-02-21
https://learnprompting.org/docs/assets/images_chapter/laptop_sd_1.webp,2024-02-21
https://learnprompting.org/docs/assets/images_chapter/rockets_dalle_2.webp,2024-02-21
https://learnprompting.org/docs/assets/reliability/math.webp,2024-02-21
https://learnprompting.org/eo/docs/basic_applications/summarize,2024-02-21
https://learnprompting.org/vi/docs/basic_applications/introduction,2024-02-21
https://learnprompting.org/hu/docs/basic_applications/coding_assistance,2024-02-21
https://learnprompting.org/docs/assets/images_chapter/good_water.webp,2024-02-21
https://learnprompting.org/docs/assets/reliability/diverse.webp,2024-02-21
https://learnprompting.org/docs/assets/images_chapter/mountains.webp,2024-02-21
https://learnprompting.org/docs/assets/basic_applications/chatbot_from_kb_gpt3.webp,2024-02-21
https://learnprompting.org/docs/assets/basic_applications/Zapiermail/Zap.webp,2024-02-21
https://learnprompting.org/docs/assets/basic_applications/Zapiermail/Step1.webp,2024-02-21
https://learnprompting.org/docs/assets/images_chapter/midjourney_astronaut_params_s900.webp,2024-02-21
https://learnprompting.org/ka/docs/tooling/IDEs/soaked,2024-02-21
https://learnprompting.org/docs/assets/basic_applications/Zapiermail/Step3.webp,2024-02-21
https://learnprompting.org/docs/assets/reliability/AMA_Prompting.webp,2024-02-21
https://learnprompting.org/docs/assets/images_chapter/midjourney_astronaut_params_tilegrid.webp,2024-02-21
https://learnprompting.org/docs/assets/images_chapter/midjourney_astronaut_ip2.webp,2024-02-21
https://learnprompting.org/it/docs/applied_prompting/build_chatgpt,2024-02-21
https://learnprompting.org/docs/assets/basic_applications/chatbot_from_kb_prompt.webp,2024-02-21
https://learnprompting.org/docs/assets/images_chapter/mountains_no_trees.webp,2024-02-21
https://learnprompting.org/docs/assets/images_chapter/high_angle_shot.webp,2024-02-21
https://learnprompting.org/hackaprompt-playground,2024-02-21
https://learnprompting.org/docs/assets/images_chapter/pyramids.webp,2024-02-21
https://learnprompting.org/pt/fr/ru/docs/credits,2024-02-21
https://learnprompting.org/el/docs/basics/configuration_hyperparameters,2024-02-21
https://learnprompting.org/el/docs/intermediate/chain_of_thought,2024-02-21
https://learnprompting.org/el/docs/credits,2024-02-21
https://learnprompting.org/si/es/ru/docs/credits,2024-02-21
https://learnprompting.org/hr/docs/basic_applications/study_tool,2024-02-21
https://learnprompting.org/hr/docs/prompt_hacking/defensive_measures/random_sequence,2024-02-20
https://learnprompting.org/si/docs/Images/weighted_terms,2024-02-20
https://learnprompting.org/ru/ja/ja/docs/basics/starting_your_journey,2024-02-20
https://learnprompting.org/hr/docs/intermediate/zero_shot_cot,2024-02-20
https://learnprompting.org/eo/docs/tooling/IDEs/anysolve,2024-02-20
https://learnprompting.org/el/docs/basic_applications/contracts,2024-02-20
https://learnprompting.org/ko//de,2024-02-20
https://learnprompting.org/ru//uk,2024-02-20
https://learnprompting.org/id//id,2024-02-20
https://learnprompting.org/de//id,2024-02-20
https://learnprompting.org/zh-tw//id,2024-02-20
https://learnprompting.org/fr//ru,2024-02-20
https://learnprompting.org/hr/docs/miscl/trickery,2024-02-20
https://learnprompting.org/hr/docs/reliability/lm_self_eval,2024-02-20
https://learnprompting.org/hi/docs/tooling/IDEs/promptchainer,2024-02-20
https://learnprompting.org/ru//ru,2024-02-20
https://learnprompting.org/es//ru,2024-02-19
https://learnprompting.org/pt//ru,2024-02-19
https://learnprompting.org/fr//uk,2024-02-19
https://learnprompting.org/id//ru,2024-02-19
https://learnprompting.org/uk//ru,2024-02-19
https://learnprompting.org/ja//ru,2024-02-19
https://learnprompting.org/si//ru,2024-02-19
https://learnprompting.org/ar//uk,2024-02-19
https://learnprompting.org/id//uk,2024-02-19
https://learnprompting.org/zh-Hans//uk,2024-02-19
https://learnprompting.org/pt//uk,2024-02-19
https://learnprompting.org/pt//id,2024-02-19
https://learnprompting.org/ja/fr/pt/es/si/si/consulting,2024-02-19
https://learnprompting.org/hr,2024-02-19
https://learnprompting.org/he,2024-02-19
https://learnprompting.org/el,2024-02-19
https://learnprompting.org/hu,2024-02-19
https://learnprompting.org/it,2024-02-19
https://learnprompting.org/ka/docs/tooling/IDEs/promptsandbox,2024-02-19
https://learnprompting.org/eo/docs/tooling/IDEs/dust,2024-02-19
https://learnprompting.org/it/docs/vocabulary,2024-02-19
https://learnprompting.org/eo/docs/hot_topics,2024-02-19
https://learnprompting.org/eo,2024-02-19
https://learnprompting.org/hi/docs/prompt_hacking/offensive_measures/recursive_attack,2024-02-19
https://learnprompting.org/ko/es/pt/fr/consulting,2024-02-19
https://learnprompting.org/ja/ru/ru/fr/consulting,2024-02-19
https://learnprompting.org/fr/ja/ru/pt/,2024-02-19
https://learnprompting.org/docs/prompt_hacking/advanced_attacks,2024-02-19
https://learnprompting.org/fr/ru/ru/docs/credits,2024-02-18
https://learnprompting.org/si/pt/es/pt/fr/,2024-02-18
https://learnprompting.org/fr/ko/fr/consulting,2024-02-18
https://learnprompting.org/ru/si/fr/ru/pt/,2024-02-18
https://learnprompting.org/zh-Hans/es/pt/ru/fr/ja/,2024-02-18
https://learnprompting.org/si/zh-Hans/consulting,2024-02-18
https://learnprompting.org/fr/pt/si/ja/ru/pt/,2024-02-18
https://learnprompting.org/zh-Hans/ja/ja/,2024-02-18
https://learnprompting.org/zh-Hans/fr/ru/pt/,2024-02-18
https://learnprompting.org/ja/ja/ja/,2024-02-18
https://learnprompting.org/ru/ja/ja/,2024-02-17
https://learnprompting.org/si/ja/ja/,2024-02-17
https://learnprompting.org/es/zh-Hans/zh-Hans/si/pt/,2024-02-17
https://learnprompting.org/fr/si/ru/es/si/ru/docs/credits,2024-02-17
https://learnprompting.org/pt/ko/fr/consulting,2024-02-17
https://learnprompting.org/ru/zh-Hans/ru/pt/fr/consulting,2024-02-17
https://learnprompting.org/ja/ja/ru/pt/,2024-02-17
https://learnprompting.org/pt/zh-Hans/ko/ko/docs/bibliography,2024-02-17
https://learnprompting.org/zh-Hans/docs/Images/repetition,2024-02-17
https://learnprompting.org/si/zh-Hans/ru/pt/fr/consulting,2024-02-17
https://learnprompting.org/zh-Hans/ja/ja/docs/basics/starting_your_journey,2024-02-17
https://learnprompting.org/si/ru/docs/applied_prompting/overview,2024-02-16
https://learnprompting.org/ko/zh-Hans/es/ru/docs/credits,2024-02-16
https://learnprompting.org/ko/es/pt/fr/supporters,2024-02-16
https://learnprompting.org/es/fr/supporters,2024-02-16
https://learnprompting.org/ko/ru/ja/ru/pt/,2024-02-16
https://learnprompting.org/ko/zh-Hans/zh-Hans/si/pt/,2024-02-16
https://learnprompting.org/3,2024-02-16
https://learnprompting.org/es/si/ru/docs/credits,2024-02-16
https://learnprompting.org/pt/ru/ru/fr/consulting,2024-02-16
https://learnprompting.org/ko/ru/docs/category/-applied-prompting,2024-02-16
https://learnprompting.org/si/si/ja/pt/es/pt/,2024-02-16
https://learnprompting.org/docs/prompt_hacking/jailbreakin.,2024-02-16
https://learnprompting.org/zh-Hans/si/pt/pt/,2024-02-16
https://learnprompting.org/ja/es/pt/fr/,2024-02-16
https://learnprompting.org/si/ru/ja/ru/pt/,2024-02-16
https://learnprompting.org/zh-Hans/pt/es/pt/fr/,2024-02-16
https://learnprompting.org/si/es/pt/ru/fr/ja/,2024-02-16
https://learnprompting.org/ko/fr/ko/ru/pt/,2024-02-15
https://learnprompting.org/ko/es/es/si/ru/docs/credits,2024-02-15
https://learnprompting.org/si/pt/pt/,2024-02-15
https://learnprompting.org/pt/si/ru/docs/credits,2024-02-15
https://learnprompting.org/ru/zh-Hans/pt/ja/ja/,2024-02-15
https://learnprompting.org/es/fr/consulting,2024-02-15
https://learnprompting.org/fr/pt/si/consulting,2024-02-15
https://learnprompting.org/ko/fr/pt/es/si/si/consulting,2024-02-15
https://learnprompting.org/es/pt/pt/,2024-02-15
https://learnprompting.org/zh-Hans/pt/pt/,2024-02-15
https://learnprompting.org/si/ru/docs/credits,2024-02-15
https://learnprompting.org/pt/ru/docs/credits,2024-02-15
https://learnprompting.org/ru/ru/docs/credits,2024-02-15
https://learnprompting.org/ru/ja/ru/pt/,2024-02-15
https://learnprompting.org/ko/zh-Hans/ko/pt/es/pt/,2024-02-15
https://learnprompting.org/ja/ko/fr/consulting,2024-02-15
https://learnprompting.org/es/ko/fr/consulting,2024-02-15
https://learnprompting.org/ru/pt/si/consulting,2024-02-15
https://learnprompting.org/es/zh-Hans/ru/pt/fr/consulting,2024-02-15
https://learnprompting.org/si/ko/fr/consulting,2024-02-15
https://learnprompting.org/pt/si/pt/pt/,2024-02-15
https://learnprompting.org/es/zh-Hans/ru/docs/credits,2024-02-14
https://learnprompting.org/si/pt/es/pt/,2024-02-14
https://learnprompting.org/ko/supporters,2024-02-14
https://learnprompting.org/es/pt/es/pt/,2024-02-14
https://learnprompting.org/si/ja/ja/docs/basics/starting_your_journey,2024-02-14
https://learnprompting.org/ru/pt/es/pt/,2024-02-14
https://learnprompting.org/pt/ja/ja/docs/basics/starting_your_journey,2024-02-14
https://learnprompting.org/ko/fr/ru/ru/pt/,2024-02-14
https://learnprompting.org/examples,2024-02-14
https://learnprompting.org/ru/docs/Images/quality_boosters,2024-02-14
https://learnprompting.org/ru/ja/ru/pt/docs/category/-applied-prompting,2024-02-14
https://learnprompting.org/ko/ru/ja/pt/ko/fr/certificate,2024-02-14
https://learnprompting.org/zh-Hans/supporters,2024-02-14
https://learnprompting.org/zh-Hans/ko/si/pt/pt/,2024-02-14
https://learnprompting.org/si/zh-Hans/ru/docs/credits,2024-02-14
https://learnprompting.org/ko/ja/pt/es/pt/,2024-02-14
https://learnprompting.org/docs/prompt_hacking/defensive_measures,2024-02-14
https://learnprompting.org/ja/pt/pt/,2024-02-14
https://learnprompting.org/docs/IDEs/kollaprompt,2024-02-14
https://learnprompting.org/docs/Images/quality_boosters,2024-02-14
https://learnprompting.org/docs/Images/midjourney/1000,2024-02-14
https://learnprompting.org/fr/supporters,2024-02-14
https://learnprompting.org/docs/trainable/discretized/1000,2024-02-14
https://learnprompting.org/docs/Images/style_modifiers,2024-02-14
https://learnprompting.org/docs/Images/repetition,2024-02-14
https://learnprompting.org/es/docs/Images/weighted_terms,2024-02-14
https://learnprompting.org/docs/tooling/IDEs/promptsource/1000,2024-02-14
https://learnprompting.org/ko/ru/es/si/ru/docs/credits,2024-02-14
https://learnprompting.org/ko/pt/docs/category/-applied-prompting,2024-02-14
https://learnprompting.org/ru/ko/si/pt/pt/,2024-02-14
https://learnprompting.org/si/zh-Hans/pt/ja/ja/,2024-02-14
https://learnprompting.org/ko/pt/pt/,2024-02-14
https://learnprompting.org/es/pt/si/consulting,2024-02-14
https://learnprompting.org/zh-Hans/si/zh-Hans/fr/,2024-02-14
https://learnprompting.org/fr/si/pt/pt/,2024-02-14
https://learnprompting.org/ko/zh-Hans/zh-Hans/ko/docs/basics/intro,2024-02-14
https://learnprompting.org/ko/si/ja/ru/pt/,2024-02-14
https://learnprompting.org/ru/fr/ru/docs/credits,2024-02-14
https://learnprompting.org/zh-Hans/zh-Hans/ru/docs/credits,2024-02-14
https://learnprompting.org/fr/si/ru/docs/credits,2024-02-14
https://learnprompting.org/ko/ja/pt/docs/category/-applied-prompting,2024-02-14
https://learnprompting.org/zh-Hans/fr/ko/ru/pt/,2024-02-14
https://learnprompting.org/fr/ja/pt/es/pt/,2024-02-14
https://learnprompting.org/es/si/fr/ru/pt/,2024-02-14
https://learnprompting.org/pt/ja/ru/pt/,2024-02-14
https://learnprompting.org/es/es/ru/ja/ru/pt/,2024-02-14
https://learnprompting.org/ko/si/fr/supporters,2024-02-14
https://learnprompting.org/zh-Hans/pt/es/pt/,2024-02-14
https://learnprompting.org/zh-Hans/docs/Images/quality_boosters,2024-02-14
https://learnprompting.org/ko/ru/ja/si/pt/,2024-02-14
https://learnprompting.org/ko/es/ru/docs/credits,2024-02-14
https://learnprompting.org/ko/ru/es/ja/docs/basics/starting_your_journey,2024-02-13
https://learnprompting.org/pt/zh-Hans/ru/pt/fr/consulting,2024-02-13
https://learnprompting.org/pt/si/ru/es/si/ru/docs/credits,2024-02-13
https://learnprompting.org/ko/si/ru/es/si/ru/docs/credits,2024-02-13
https://learnprompting.org/ru/pt/si/ja/ru/pt/,2024-02-13
https://learnprompting.org/si/pt/si/ru/docs/credits,2024-02-13
https://learnprompting.org/ja/zh-Hans/zh-Hans/ko/fr/consulting,2024-02-13
https://learnprompting.org/fr/zh-Hans/zh-Hans/ko/fr/consulting,2024-02-13
https://learnprompting.org/ru/ru/docs/applied_prompting/overview,2024-02-12
https://learnprompting.org/zh-Hans/pt/si/ja/ru/pt/,2024-02-12
https://learnprompting.org/ja/pt/si/ru/docs/credits,2024-02-12
https://learnprompting.org/es/ru/ru/fr/consulting,2024-02-12
https://learnprompting.org/ko/ru/ru/fr/consulting,2024-02-12
https://learnprompting.org/zh-Hans/ru/ru/fr/consulting,2024-02-12
https://learnprompting.org/ja/si/ko/pt/es/pt/,2024-02-12
https://learnprompting.org/zh-Hans/si/ja/pt/es/pt/,2024-02-12
https://learnprompting.org/es/pt/si/ja/ru/pt/,2024-02-11
https://learnprompting.org/fr/pt/si/ru/docs/credits,2024-02-11
https://learnprompting.org/docs/category/,2024-02-11
https://learnprompting.org/fr/ru/es/si/ru/docs/credits,2024-02-11
https://learnprompting.org/fr/fr/ko/pt/ja/ja/,2024-02-11
https://learnprompting.org/pt/pt/ru/fr/ja/,2024-02-11
https://learnprompting.org/zh-Hans/pt/si/ru/docs/credits,2024-02-11
https://learnprompting.org/ja/pt/si/ja/ru/pt/,2024-02-11
https://learnprompting.org/ko/pt/si/ja/ru/pt/,2024-02-11
https://learnprompting.org/es/ru/es/si/ru/docs/credits,2024-02-11
https://learnprompting.org/ja/ko/contribute,2024-02-11
https://learnprompting.org/es/fr/ja/docs/intermediate/self_consistency,2024-02-11
https://learnprompting.org/fr/ru/docs/applied_prompting/overview,2024-02-11
https://learnprompting.org/pt/ru/docs/applied_prompting/overview,2024-02-11
https://learnprompting.org/zh-Hans/ru/docs/applied_prompting/overview,2024-02-11
https://learnprompting.org/si/ru/docs/category/-applied-prompting,2024-02-11
https://learnprompting.org/zh-Hans/ja/fr/es/,2024-02-11
https://learnprompting.org/fr/fr/ja/docs/intermediate/self_consistency,2024-02-10
https://learnprompting.org/ko/fr/ko/pt/ja/ja/,2024-02-10
https://learnprompting.org/es/ru/docs/applied_prompting/overview,2024-02-10
https://learnprompting.org/ko/pt/si/fr/ru/pt/,2024-02-10
https://learnprompting.org/fr/es/es/pt/fr/consulting,2024-02-10
https://learnprompting.org/ko/es/ru/ja/ru/pt/,2024-02-10
https://learnprompting.org/pt//ar,2024-02-10
https://learnprompting.org/es/ru/pt/fr/consulting,2024-02-10
https://learnprompting.org/pt/ru/fr/consulting,2024-02-10
https://learnprompting.org/es/ru/fr/consulting,2024-02-10
https://learnprompting.org/ru/si/ru/consulting,2024-02-10
https://learnprompting.org/ru/ru/fr/consulting,2024-02-10
https://learnprompting.org/fr/si/ko/fr/consulting,2024-02-09
https://learnprompting.org/pt/pt/fr/fr/es/docs/intermediate/least_to_most,2024-02-09
https://learnprompting.org/ko/zh-Hans/ko/docs/basics/intro,2024-02-09
https://learnprompting.org/si/si/ko/pt/es/pt/,2024-02-09
https://learnprompting.org/ru/es/fr/docs/basics/prompting,2024-02-09
https://learnprompting.org/ko/zh-Hans/ru/ja/si/pt/pt/,2024-02-09
https://learnprompting.org/ko/pt/si/ru/docs/credits,2024-02-09
https://learnprompting.org/pt/ko/ko/docs/bibliography,2024-02-09
https://learnprompting.org/fr/zh-Hans/ru/ja/si/pt/pt/,2024-02-09
https://learnprompting.org/es/zh-Hans/ru/ja/si/pt/pt/,2024-02-09
https://learnprompting.org/ru/ru/pt/fr/consulting,2024-02-09
https://learnprompting.org/ru/zh-Hans/ru/ja/si/pt/pt/,2024-02-09
https://learnprompting.org/zh-Hans/zh-Hans/ru/ja/si/pt/pt/,2024-02-09
https://learnprompting.org/pt/zh-Hans/ru/ja/si/pt/pt/,2024-02-09
https://learnprompting.org/fr/zh-Hans/ko/ko/docs/bibliography,2024-02-09
https://learnprompting.org/pt/pt/si/ru/docs/credits,2024-02-09
https://learnprompting.org/pt/ru/ru/docs/basic_applications/introduction,2024-02-09
https://learnprompting.org/ko/fr/ja/docs/intermediate/self_consistency,2024-02-09
https://learnprompting.org/fr/zh-Hans/ko/fr/consulting,2024-02-09
https://learnprompting.org/ru/fr/ja/docs/intermediate/self_consistency,2024-02-09
https://learnprompting.org/si/fr/ja/docs/intermediate/self_consistency,2024-02-09
https://learnprompting.org/zh-Hans/fr/ja/docs/intermediate/self_consistency,2024-02-09
https://learnprompting.org/ja/ru/pt/fr/consulting,2024-02-09
https://learnprompting.org/ru/ja/pt/zh-Hans/fr/certificate,2024-02-09
https://learnprompting.org/si/pt/si/ja/ru/pt/,2024-02-09
https://learnprompting.org/ru/pt/si/ru/docs/credits,2024-02-09
https://learnprompting.org/es/pt/si/ru/docs/credits,2024-02-09
https://learnprompting.org/es/zh-Hans/ko/ko/docs/bibliography,2024-02-09
https://learnprompting.org/ru/zh-Hans/ko/ko/docs/bibliography,2024-02-09
https://learnprompting.org/zh-Hans/zh-Hans/ko/ko/docs/bibliography,2024-02-09
https://learnprompting.org/pt/fr/ko/pt/ja/ja/,2024-02-09
https://learnprompting.org/pt/fr/ja/docs/intermediate/self_consistency,2024-02-09
https://learnprompting.org/es/ko/ko/docs/bibliography,2024-02-09
https://learnprompting.org/ko/ru/docs/applied_prompting/overview,2024-02-09
https://learnprompting.org/ru/zh-Hans/ko/fr/consulting,2024-02-09
https://learnprompting.org/fr/ja/docs/intermediate/self_consistency,2024-02-09
https://learnprompting.org/ja/ru/fr/consulting,2024-02-09
https://learnprompting.org/ja/es/ru/ja/ru/pt/,2024-02-09
https://learnprompting.org/fr/ru/pt/fr/consulting,2024-02-09
https://learnprompting.org/zh-Hans/ru/fr/consulting,2024-02-09
https://learnprompting.org/zh-Hans/es/ru/ja/ru/pt/,2024-02-09
https://learnprompting.org/ja/ru/docs/applied_prompting/overview,2024-02-09
https://learnprompting.org/es/pt/fr/consulting,2024-02-09
https://learnprompting.org/ru/fr/fr/supporters,2024-02-09
https://learnprompting.org/si/ja/fr/es/,2024-02-09
https://learnprompting.org/ko/ru/ko/fr/consulting,2024-02-09
https://learnprompting.org/ru/ja/fr/es/,2024-02-09
https://learnprompting.org/ru/fr/ko/pt/ja/ja/,2024-02-08
https://learnprompting.org/zh-Hans/fr/ko/pt/ja/ja/,2024-02-08
https://learnprompting.org/es/fr/ko/pt/ja/ja/,2024-02-08
https://learnprompting.org/si/fr/ko/pt/ja/ja/,2024-02-08
https://learnprompting.org/pt/fr/fr/ko/ru/pt/,2024-02-08
https://learnprompting.org/si/ja/zh-Hans/docs/intermediate/self_consistency,2024-02-08
https://learnprompting.org/zh-Hans/zh-Hans/ru/zh-Hans/ko/docs/basics/intro,2024-02-08
https://learnprompting.org/ru/si/zh-Hans/pt/ja/ja/,2024-02-08
https://learnprompting.org/ja/ru/es/si/ru/docs/credits,2024-02-08
https://learnprompting.org/si/ru/es/si/ru/docs/credits,2024-02-08
https://learnprompting.org/ja/zh-Hans/si/ja/ru/pt/,2024-02-08
https://learnprompting.org/zh-Hans/ru/es/si/ru/docs/credits,2024-02-08
https://learnprompting.org/es/fr/es/pt/fr/supporters,2024-02-08
https://learnprompting.org/fr/si/fr/ru/pt/,2024-02-08
https://learnprompting.org/ru/ru/es/si/ru/docs/credits,2024-02-08
https://learnprompting.org/si/si/ko/fr/consulting,2024-02-08
https://learnprompting.org/es/ru/ja/si/pt/,2024-02-08
https://learnprompting.org/ko/ru/ru/pt/,2024-02-08
https://learnprompting.org/fr/ko/pt/es/pt/,2024-02-08
https://learnprompting.org/si/fr/es/,2024-02-08
https://learnprompting.org/fr/es/ru/docs/credits,2024-02-08
https://learnprompting.org/si/fr/pt/es/pt/,2024-02-08
https://learnprompting.org/es/zh-Hans/ru/es/ja/docs/basics/starting_your_journey,2024-02-08
https://learnprompting.org/ru/fr/pt/es/si/si/consulting,2024-02-08
https://learnprompting.org/fr/si/docs/intermediate/whats_in_a_prompt,2024-02-08
https://learnprompting.org/zh-Hans/docs/tooling/IDEs/promptsource/1000,2024-02-08
https://learnprompting.org/si/ru/ko/es/ja/docs/basics/starting_your_journey,2024-02-08
https://learnprompting.org/es/es/ko/ko/zh-Hans/fr/certificate,2024-02-08
https://learnprompting.org/fr/pt/si/ko/es/docs/intermediate/least_to_most,2024-02-08
https://learnprompting.org/ja/ja/pt/zh-Hans/ru/es/fr/zh-Hans/docs/intermediate/generated_knowledge,2024-02-08
https://learnprompting.org/fr/ru/fr/zh-Hans/pt/docs/basics/starting_your_journey,2024-02-08
https://learnprompting.org/ru/ru/fr/zh-Hans/pt/docs/basics/starting_your_journey,2024-02-08
https://learnprompting.org/ru/si/ko/fr/consulting,2024-02-08
https://learnprompting.org/ko/es/es/pt/fr/consulting,2024-02-08
https://learnprompting.org/fr/zh-Hans/si/ko/,2024-02-08
https://learnprompting.org/ja/si/ko/fr/consulting,2024-02-08
https://learnprompting.org/zh-Hans/fr/fr/supporters,2024-02-08
https://learnprompting.org/zh-Hans/si/zh-Hans/pt/ja/ja/,2024-02-08
https://learnprompting.org/fr/es/pt/fr/supporters,2024-02-08
https://learnprompting.org/es/zh-Hans/ko/fr/consulting,2024-02-08
https://learnprompting.org/si/si/ru/consulting,2024-02-08
https://learnprompting.org/zh-Hans/es/es/pt/fr/consulting,2024-02-08
https://learnprompting.org/fr/si/es/pt/fr/,2024-02-08
https://learnprompting.org/pt/es/es/pt/fr/consulting,2024-02-08
https://learnprompting.org/si/es/es/pt/fr/consulting,2024-02-07
https://learnprompting.org/ru/es/es/pt/fr/consulting,2024-02-07
https://learnprompting.org/ja/es/es/pt/fr/consulting,2024-02-07
https://learnprompting.org/si/ru/fr/zh-Hans/fr/certificate,2024-02-07
https://learnprompting.org/es/es/pt/fr/consulting,2024-02-07
https://learnprompting.org/ja/ja/fr/es/,2024-02-07
https://learnprompting.org/es/zh-Hans/ru/es/fr/zh-Hans/docs/intermediate/generated_knowledge,2024-02-07
https://learnprompting.org/fr/es/pt/fr/consulting,2024-02-07
https://learnprompting.org/ko/ko/pt/fr/fr/es/docs/intermediate/least_to_most,2024-02-07
https://learnprompting.org/fr/fr/pt/es/si/si/consulting,2024-02-07
https://learnprompting.org/es/zh-Hans/si/ja/ru/pt/,2024-02-07
https://learnprompting.org/si/ko/ko/docs/bibliography,2024-02-07
https://learnprompting.org/es/si/ru/consulting,2024-02-06
https://learnprompting.org/ru/pt/fr/consulting,2024-02-06
https://learnprompting.org/ko/si/ru/docs/credits,2024-02-06
https://learnprompting.org/ko/fr/fr/supporters,2024-02-06
https://learnprompting.org/ko/ru/consulting,2024-02-06
https://learnprompting.org/es/ru/fr/zh-Hans/ko/es/docs/intermediate/least_to_most,2024-02-06
https://learnprompting.org/ja/es/pt/fr/consulting,2024-02-05
https://learnprompting.org/zh-Hans/ko/ko/docs/bibliography,2024-02-05
https://learnprompting.org/pt/pt/fr/consulting,2024-02-05
https://learnprompting.org/ja/ko/ko/docs/bibliography,2024-02-05
https://learnprompting.org/pt/ja/fr/es/,2024-02-05
https://learnprompting.org/fr/ja/fr/es/,2024-02-05
https://learnprompting.org/pt/es/pt/fr/consulting,2024-02-05
https://learnprompting.org/zh-Hans/es/pt/fr/consulting,2024-02-05
https://learnprompting.org/ko/ja/fr/es/,2024-02-05
https://learnprompting.org/fr/es/fr/zh-Hans/pt/docs/basics/starting_your_journey,2024-02-05
https://learnprompting.org/si/es/pt/fr/consulting,2024-02-05
https://learnprompting.org/ru/es/pt/fr/consulting,2024-02-05
https://learnprompting.org/fr/ko/si/docs/basics/starting_your_journey,2024-02-05
https://learnprompting.org/si/ru/ja/si/pt/pt/,2024-02-05
https://learnprompting.org/es/ja/fr/es/,2024-02-05
https://learnprompting.org/fr/fr/fr/supporters,2024-02-05
https://learnprompting.org/pt/fr/fr/supporters,2024-02-05
https://learnprompting.org/es/fr/fr/supporters,2024-02-05
https://learnprompting.org/si/fr/fr/supporters,2024-02-05
https://learnprompting.org/si/pt/fr/consulting,2024-02-05
https://learnprompting.org/zh-Hans/docs/bibliography/1000,2024-02-05
https://learnprompting.org/zh-Hans/ja/ru/pt/docs/category/-applied-prompting,2024-02-05
https://learnprompting.org/docs/basics/generated_knowledge,2024-02-05
https://learnprompting.org/fr/es/es/si/ru/docs/credits,2024-02-05
https://learnprompting.org/es/zh-Hans/es/ru/docs/credits,2024-02-05
https://learnprompting.org/ru/si/ru/docs/credits,2024-02-05
https://learnprompting.org/zh-Hans/ru/ja/ru/pt/,2024-02-05
https://learnprompting.org/si/zh-Hans/pt/zh-Hans/ru/es/fr/zh-Hans/docs/intermediate/generated_knowledge,2024-02-04
https://learnprompting.org/si/ja/ru/pt/docs/category/-applied-prompting,2024-02-04
https://learnprompting.org/fr/si/ja/ru/pt/,2024-02-04
https://learnprompting.org/zh-Hans/fr/ru/ru/pt/,2024-02-04
https://learnprompting.org/fr/ru/consulting,2024-02-04
https://learnprompting.org/es/docs/Images/quality_boosters,2024-02-04
https://learnprompting.org/ru/si/ja/ru/pt/,2024-02-04
https://learnprompting.org/pt/es/es/si/ru/docs/credits,2024-02-04
https://learnprompting.org/ru/ru/consulting,2024-02-04
https://learnprompting.org/ko/ko/pt/si/ko/es/docs/intermediate/least_to_most,2024-02-04
https://learnprompting.org/ja/fr/consulting,2024-02-04
https://learnprompting.org/ja/fr/ru/ru/pt/,2024-02-04
https://learnprompting.org/zh-Hans/si/ru/docs/credits,2024-02-04
https://learnprompting.org/si/fr/consulting,2024-02-03
https://learnprompting.org/pt/zh-Hans/pt/zh-Hans/ru/es/fr/zh-Hans/docs/intermediate/generated_knowledge,2024-02-03
https://learnprompting.org/zh-Hans/ko/fr/consulting,2024-02-03
https://learnprompting.org/fr/zh-Hans/pt/zh-Hans/ru/es/fr/zh-Hans/docs/intermediate/generated_knowledge,2024-02-03
https://learnprompting.org/ru/ko/docs/bibliography,2024-02-03
https://learnprompting.org/pt/ru/ja/pt/ko/fr/certificate,2024-02-03
https://learnprompting.org/ru/ja/pt/docs/category/-applied-prompting,2024-02-03
https://learnprompting.org/fr/docs/tooling/IDEs/dyno,2024-02-02
https://learnprompting.org/docs/introDavid,2024-02-02
https://learnprompting.org/ko/es/si/ru/docs/credits,2024-02-02
https://learnprompting.org/ko/pt/si/consulting,2024-02-02
https://learnprompting.org/ja/docs/Images/repetition,2024-02-02
https://learnprompting.org/ja/es/si/ru/docs/credits,2024-02-02
https://learnprompting.org/docs/introï¿¼David,2024-02-02
https://learnprompting.org/ru/es/si/ru/docs/credits,2024-02-02
https://learnprompting.org/es/es/si/ru/docs/credits,2024-02-01
https://learnprompting.org/ja/ru/es/fr/zh-Hans/docs/intermediate/generated_knowledge,2024-02-01
https://learnprompting.org/ja/ru/docs/category/-applied-prompting,2024-02-01
https://learnprompting.org/si/ko/ja/zh-Hans/docs/intermediate/self_consistency,2024-02-01
https://learnprompting.org/ja/si/fr/ru/pt/,2024-02-01
https://learnprompting.org/ja/si/ru/si/pt/zh-Hans/docs/intermediate/self_consistency,2024-02-01
https://learnprompting.org/es/ja/ru/pt/,2024-02-01
https://learnprompting.org/fr/si/zh-Hans/fr/,2024-02-01
https://learnprompting.org/es/zh-Hans/zh-Hans/ko/docs/basics/intro,2024-02-01
https://learnprompting.org/es/ja/pt/docs/category/-applied-prompting,2024-02-01
https://learnprompting.org/pt/fr/ko/ru/pt/,2024-02-01
https://learnprompting.org/si/ko/pt/ja/ja/,2024-02-01
https://learnprompting.org/ru/ru/docs/category/-applied-prompting,2024-02-01
https://learnprompting.org/es/fr/es/,2024-02-01
https://learnprompting.org/zh-Hans/ja/pt/es/pt/,2024-02-01
https://learnprompting.org/ru/pt/docs/category/-applied-prompting,2024-02-01
https://learnprompting.org/si/zh-Hans/ru/es/ja/docs/basics/starting_your_journey,2024-02-01
https://learnprompting.org/ko/es/ru/ja/si/pt/,2024-02-01
https://learnprompting.org/si/ru/ru/docs/credits,2024-02-01
https://learnprompting.org/fr/fr/ko/ru/pt/,2024-02-01
https://learnprompting.org/ja/es/zh-Hans/ko/es/docs/intermediate/least_to_most,2024-02-01
https://learnprompting.org/pt/ja/pt/docs/category/-applied-prompting,2024-02-01
https://learnprompting.org/ja/zh-Hans/zh-Hans/ko/docs/basics/intro,2024-02-01
https://learnprompting.org/si/zh-Hans/ko/pt/es/pt/,2024-02-01
https://learnprompting.org/ja/es/ja/pt/fr/fr/es/docs/intermediate/least_to_most,2024-02-01
https://learnprompting.org/zh-Hans/zh-Hans/ru/es/ja/docs/basics/starting_your_journey,2024-02-01
https://learnprompting.org/ru/ja/pt/ko/fr/certificate,2024-02-01
https://learnprompting.org/si/docs/Images/intro,2024-02-01
https://learnprompting.org/ja/fr/ru/docs/credits,2024-02-01
https://learnprompting.org/ja/zh-Hans/ko/pt/es/pt/,2024-02-01
https://learnprompting.org/ko/zh-Hans/ru/es/ja/docs/basics/starting_your_journey,2024-02-01
https://learnprompting.org/zh-Hans/ru/fr/zh-Hans/ko/es/docs/intermediate/least_to_most,2024-02-01
https://learnprompting.org/ja/zh-Hans/docs/intermediate/self_consistency,2024-02-01
https://learnprompting.org/ru/zh-Hans/si/ko/es/docs/intermediate/least_to_most,2024-02-01
https://learnprompting.org/pt/fr/ru/zh-Hans/ja/docs/basics/starting_your_journey,2024-02-01
https://learnprompting.org/es/ko/docs/basics/intro,2024-02-01
https://learnprompting.org/si/ru/ja/si/pt/,2024-02-01
https://learnprompting.org/ko/pt/zh-Hans/ru/es/fr/zh-Hans/docs/intermediate/generated_knowledge,2024-01-31
https://learnprompting.org/fr/ja/ko/es/ja/docs/basics/starting_your_journey,2024-01-31
https://learnprompting.org/zh-Hans/ja/pt/zh-Hans/fr/certificate,2024-01-31
https://learnprompting.org/pt/fr/es/pt/fr/supporters,2024-01-31
https://learnprompting.org/ru/docs/prompt_hacking/defensive_measures,2024-01-31
https://learnprompting.org/ar//ar,2024-01-31
https://learnprompting.org/ko/zh-Hans/si/pt/pt/,2024-01-31
https://learnprompting.org/fr/ru/docs/credits,2024-01-31
https://learnprompting.org/zh-Hans/es/fr/docs/basics/prompting,2024-01-31
https://learnprompting.org/es/ja/si/pt/,2024-01-31
https://learnprompting.org/ru/ko/pt/es/pt/,2024-01-31
https://learnprompting.org/terms_of_service,2024-01-31
https://learnprompting.org/zh-Hans/ru/docs/basic_applications/introduction,2024-01-31
https://learnprompting.org/ru/docs/tooling/IDEs/dyno,2024-01-31
https://learnprompting.org/ja/pt/es/pt/fr/,2024-01-31
https://learnprompting.org/es/docs/tooling/IDEs/dyno,2024-01-31
https://learnprompting.org/si/docs/trainable/discretized/1000,2024-01-31
https://learnprompting.org/fr/zh-Hans/ko/docs/basics/intro,2024-01-31
https://learnprompting.org/si/ja/si/pt/,2024-01-31
https://learnprompting.org/zh-Hans/ru/ru/pt/,2024-01-31
https://learnprompting.org/es/es/pt/,2024-01-31
https://learnprompting.org/pt/pt/pt/,2024-01-31
https://learnprompting.org/pt/fr/ru/pt/,2024-01-31
https://learnprompting.org/zh-Hans/es/ru/docs/credits,2024-01-31
https://learnprompting.org/zh-Hans/pt/si/consulting,2024-01-31
https://learnprompting.org/pt/docs/Images/style_modifiers,2024-01-31
https://learnprompting.org/ru/ko/pt/ja/ja/,2024-01-31
https://learnprompting.org/es/ru/docs/credits,2024-01-31
https://learnprompting.org/ru/ru/ru/pt/,2024-01-31
https://learnprompting.org/zh-Hans/docs/introã€‘,2024-01-31
https://learnprompting.org/ko/pt/fr/supporters,2024-01-31
https://learnprompting.org/ko/si/pt/pt/,2024-01-31
https://learnprompting.org/docs/applied_prompting/build_chatgpt/1000,2024-01-31
https://learnprompting.org/ja/pt/es/pt/,2024-01-31
https://learnprompting.org/ja/pt/si/consulting,2024-01-31
https://learnprompting.org/pt/zh-Hans/si/ko/,2024-01-31
https://learnprompting.org/fr/docs/prompt_hacking/defensive_measures,2024-01-31
https://learnprompting.org/docs/basics/whats_in_a_prompt,2024-01-31
https://learnprompting.org/zh-Hans/ru/docs/credits,2024-01-31
https://learnprompting.org/pt/pt/docs/category/-applied-prompting,2024-01-31
https://learnprompting.org/fr/pt/docs/category/-applied-prompting,2024-01-31
https://learnprompting.org/fr/pt/es/pt/,2024-01-31
https://learnprompting.org/si/ru/pt/docs/category/-applied-prompting,2024-01-31
https://learnprompting.org/zh-Hans/ru/docs/category/-applied-prompting,2024-01-31
https://learnprompting.org/si/pt/fr/fr/es/docs/intermediate/least_to_most,2024-01-31
https://learnprompting.org/ko/es/ko/ko/zh-Hans/fr/certificate,2024-01-31
https://learnprompting.org/ko/zh-Hans/pt/zh-Hans/ru/es/fr/zh-Hans/docs/intermediate/generated_knowledge,2024-01-31
https://learnprompting.org/si/fr/ru/zh-Hans/ja/docs/basics/starting_your_journey,2024-01-31
https://learnprompting.org/ja/si/fr/supporters,2024-01-31
https://learnprompting.org/ru/pt/pt/,2024-01-31
https://learnprompting.org/zh-Hans/ru/pt/docs/category/-applied-prompting,2024-01-30
https://learnprompting.org/si/es/pt/,2024-01-30
https://learnprompting.org/zh-Hans/ko/ru/pt/,2024-01-30
https://learnprompting.org/pt/ru/pt/docs/category/-applied-prompting,2024-01-30
https://learnprompting.org/fr/ru/pt/docs/category/-applied-prompting,2024-01-30
https://learnprompting.org/es/ru/pt/docs/category/-applied-prompting,2024-01-30
https://learnprompting.org/fr/es/si/ru/docs/credits,2024-01-30
https://learnprompting.org/pt/es/si/ru/docs/credits,2024-01-30
https://learnprompting.org/ru/ru/pt/docs/category/-applied-prompting,2024-01-30
https://learnprompting.org/fr/ja/pt/docs/category/-applied-prompting,2024-01-30
https://learnprompting.org/si/es/si/ru/docs/credits,2024-01-30
https://learnprompting.org/ko/ru/pt/docs/category/-applied-prompting,2024-01-30
https://learnprompting.org/es/ru/ru/docs/credits,2024-01-30
https://learnprompting.org/zh-Hans/ja/pt/docs/category/-applied-prompting,2024-01-30
https://learnprompting.org/ja/ja/pt/docs/category/-applied-prompting,2024-01-30
https://learnprompting.org/es/ko/si/pt/pt/,2024-01-30
https://learnprompting.org/es/zh-Hans/si/pt/pt/,2024-01-30
https://learnprompting.org/ru/zh-Hans/si/pt/pt/,2024-01-30
https://learnprompting.org/fr/fr/ru/docs/credits,2024-01-30
https://learnprompting.org/ja/ru/ru/docs/credits,2024-01-30
https://learnprompting.org/zh-Hans/fr/ru/docs/credits,2024-01-29
https://learnprompting.org/si/fr/ru/docs/credits,2024-01-29
https://learnprompting.org/es/fr/ru/docs/credits,2024-01-29
https://learnprompting.org/fr/ko/si/pt/pt/,2024-01-29
https://learnprompting.org/pt/zh-Hans/fr/zh-Hans/ko/es/docs/intermediate/least_to_most,2024-01-29
https://learnprompting.org/zh-Hans/si/fr/ru/pt/,2024-01-29
https://learnprompting.org/ko/fr/ru/docs/credits,2024-01-29
https://learnprompting.org/es/zh-Hans/ko/pt/es/pt/,2024-01-29
https://learnprompting.org/ko/si/fr/ru/pt/,2024-01-29
https://learnprompting.org/si/pt/docs/category/-applied-prompting,2024-01-29
https://learnprompting.org/ja/ko/si/pt/pt/,2024-01-29
https://learnprompting.org/ja/si/pt/pt/,2024-01-29
https://learnprompting.org/ru/si/pt/pt/,2024-01-29
https://learnprompting.org/fr/fr/es/,2024-01-29
https://learnprompting.org/fr/si/ru/si/pt/zh-Hans/docs/intermediate/self_consistency,2024-01-29
https://learnprompting.org/es/es/ru/docs/credits,2024-01-29
https://learnprompting.org/ko/ru/ru/docs/credits,2024-01-29
https://learnprompting.org/docs/Images/resources,2024-01-28
https://learnprompting.org/si/si/pt/pt/,2024-01-28
https://learnprompting.org/ja/si/ru/docs/credits,2024-01-28
https://learnprompting.org/es/si/pt/pt/,2024-01-28
https://learnprompting.org/si/ru/fr/zh-Hans/pt/docs/basics/starting_your_journey,2024-01-28
https://learnprompting.org/ru/zh-Hans/ko/pt/es/pt/,2024-01-28
https://learnprompting.org/fr/docs/Images/intro,2024-01-28
https://learnprompting.org/pt/ru/ru/docs/credits,2024-01-28
https://learnprompting.org/pt/pt/si/consulting,2024-01-28
https://learnprompting.org/si/pt/si/consulting,2024-01-28
https://learnprompting.org/si/si/fr/ru/pt/,2024-01-27
https://learnprompting.org/zh-Hans/docs/basics/more_on_prompting,2024-01-27
https://learnprompting.org/zh-Hans/docs/prompt_hacking/more,2024-01-26
https://learnprompting.org/pt/ru/fr/zh-Hans/ko/es/docs/intermediate/least_to_most,2024-01-26
https://learnprompting.org/fr/zh-Hans/ko/pt/es/pt/,2024-01-26
https://learnprompting.org/fr/ru/fr/zh-Hans/ko/es/docs/intermediate/least_to_most,2024-01-26
https://learnprompting.org/zh-Hans/si/si/docs/intermediate/whats_in_a_prompt,2024-01-25
https://learnprompting.org/fr/es/pt/es/zh-Hans/ko/es/docs/intermediate/least_to_most,2024-01-25
https://learnprompting.org/pt/fr/pt/es/si/si/consulting,2024-01-25
https://learnprompting.org/zh-Hans/zh-Hans/ko/pt/es/pt/,2024-01-25
https://learnprompting.org/si/docs/Images/quality_boosters,2024-01-25
https://learnprompting.org/ko/si/si/docs/intermediate/whats_in_a_prompt,2024-01-25
https://learnprompting.org/ja/si/si/docs/intermediate/whats_in_a_prompt,2024-01-25
https://learnprompting.org/ja/zh-Hans/fr/zh-Hans/ko/es/docs/intermediate/least_to_most,2024-01-25
https://learnprompting.org/ja/ru/docs/credits,2024-01-25
https://learnprompting.org/fr/ko/pt/ja/ja/,2024-01-25
https://learnprompting.org/ko/ru/docs/credits,2024-01-25
https://learnprompting.org/fr/pt/pt/,2024-01-25
https://learnprompting.org/ko/ru/fr/zh-Hans/pt/docs/basics/starting_your_journey,2024-01-25
https://learnprompting.org/ja/ru/es/ja/docs/basics/starting_your_journey,2024-01-24
https://learnprompting.org/ru/ru/fr/zh-Hans/fr/certificate,2024-01-24
https://learnprompting.org/ru/fr/es/pt/fr/supporters,2024-01-24
https://learnprompting.org/pt/docs/basics/more_on_prompting,2024-01-24
https://learnprompting.org/ja/ru/fr/zh-Hans/fr/certificate,2024-01-24
https://learnprompting.org/ja/docs/basics/more_on_prompting,2024-01-24
https://learnprompting.org/ru/ko/ja/zh-Hans/docs/intermediate/self_consistency,2024-01-24
https://learnprompting.org/pt/ru/fr/zh-Hans/fr/certificate,2024-01-24
https://learnprompting.org/si/es/ja/pt/fr/fr/es/docs/intermediate/least_to_most,2024-01-24
https://learnprompting.org/zh-Hans/es/pt/fr/,2024-01-24
https://learnprompting.org/fr/docs/basics/more_on_prompting,2024-01-24
https://learnprompting.org/ja//ar,2024-01-24
https://learnprompting.org/docs/reliability/diverse,2024-01-23
https://learnprompting.org/zh-Hans/fr/pt/es/pt/,2024-01-23
https://learnprompting.org/zh-Hans/ru/fr/zh-Hans/pt/docs/basics/starting_your_journey,2024-01-23
https://learnprompting.org/ja/es/ja/pt/zh-Hans/ru/es/fr/zh-Hans/docs/intermediate/generated_knowledge,2024-01-23
https://learnprompting.org/fr/ru/es/ja/docs/basics/starting_your_journey,2024-01-23
https://learnprompting.org/ko/fr/es/pt/fr/supporters,2024-01-23
https://learnprompting.org/ko/docs/Images/quality_boosters,2024-01-23
https://learnprompting.org/pt/docs/Images/quality_boosters,2024-01-23
https://learnprompting.org/ru/es/ja/pt/zh-Hans/ru/es/fr/zh-Hans/docs/intermediate/generated_knowledge,2024-01-22
https://learnprompting.org/zh-Hans/ko/pt/es/pt/,2024-01-22
https://learnprompting.org/ja/ko/pt/es/pt/,2024-01-22
https://learnprompting.org/fr/es/ja/pt/zh-Hans/ru/es/fr/zh-Hans/docs/intermediate/generated_knowledge,2024-01-22
https://learnprompting.org/ja/fr/pt/es/pt/,2024-01-22
https://learnprompting.org/zh-Hans/es/ja/pt/zh-Hans/ru/es/fr/zh-Hans/docs/intermediate/generated_knowledge,2024-01-22
https://learnprompting.org/ko/es/ja/pt/zh-Hans/ru/es/fr/zh-Hans/docs/intermediate/generated_knowledge,2024-01-22
https://learnprompting.org/ko/fr/pt/es/pt/,2024-01-22
https://learnprompting.org/ru/fr/pt/es/pt/,2024-01-22
https://learnprompting.org/ko/si/docs/intermediate/whats_in_a_prompt,2024-01-21
https://learnprompting.org/ko/pt/es/pt/fr/,2024-01-21
https://learnprompting.org/si/ko/pt/fr/fr/es/docs/intermediate/least_to_most,2024-01-21
https://learnprompting.org/es/ru/zh-Hans/ja/docs/basics/starting_your_journey,2024-01-21
https://learnprompting.org/ja/zh-Hans/ru/ko/ko/zh-Hans/fr/certificate,2024-01-21
https://learnprompting.org/pt/es/pt/fr/supporters,2024-01-21
https://learnprompting.org/ru/es/ko/ko/zh-Hans/fr/certificate,2024-01-21
https://learnprompting.org/zh-Hans/es/ru/ja/si/pt/,2024-01-21
https://learnprompting.org/pt/ja/zh-Hans/docs/intermediate/self_consistency,2024-01-20
https://learnprompting.org/pt/es/ru/ja/si/pt/,2024-01-20
https://learnprompting.org/es/fr/fr/ko/ru/pt/,2024-01-20
https://learnprompting.org/uk/docs/tooling/IDEs/dyno,2024-01-20
https://learnprompting.org/si/ko/pt/es/zh-Hans/ko/es/docs/intermediate/least_to_most,2024-01-20
https://learnprompting.org/pt/ru/docs/basic_applications/introduction,2024-01-20
https://learnprompting.org/zh-Hans/ja/ru/pt/,2024-01-20
https://learnprompting.org/fr/ru/docs/basic_applications/introduction,2024-01-20
https://learnprompting.org/es/ru/docs/basic_applications/introduction,2024-01-20
https://learnprompting.org/si/ko/pt/es/pt/,2024-01-20
https://learnprompting.org/ko/ru/docs/basic_applications/introduction,2024-01-20
https://learnprompting.org/ru/es/ru/ja/si/pt/,2024-01-20
https://learnprompting.org/pt/es/si/si/consulting,2024-01-20
https://learnprompting.org/fr/pt/es/si/si/consulting,2024-01-20
https://learnprompting.org/ru/es/pt/fr/supporters,2024-01-20
https://learnprompting.org/fr/zh-Hans/zh-Hans/ko/docs/basics/intro,2024-01-20
https://learnprompting.org/si/fr/zh-Hans/ko/es/docs/intermediate/least_to_most,2024-01-20
https://learnprompting.org/ja/ja/ru/es/pt/docs/basics/starting_your_journey,2024-01-20
https://learnprompting.org/ru/ja/pt/fr/zh-Hans/docs/intermediate/generated_knowledge,2024-01-20
https://learnprompting.org/pt/es/ja/pt/zh-Hans/ru/es/fr/zh-Hans/docs/intermediate/generated_knowledge,2024-01-20
https://learnprompting.org/es/es/ja/pt/zh-Hans/ru/es/fr/zh-Hans/docs/intermediate/generated_knowledge,2024-01-20
https://learnprompting.org/zh-Hans/ko/pt/es/zh-Hans/ko/es/docs/intermediate/least_to_most,2024-01-20
https://learnprompting.org/ru/si/fr/docs/basics/prompting,2024-01-20
https://learnprompting.org/zh-Hans/es/zh-Hans/ko/es/docs/intermediate/least_to_most,2024-01-20
https://learnprompting.org/ko/si/fr/docs/basics/prompting,2024-01-20
https://learnprompting.org/es/si/ru/zh-Hans/ko/docs/basics/intro,2024-01-20
https://learnprompting.org/si/es/ja/pt/zh-Hans/ru/es/fr/zh-Hans/docs/intermediate/generated_knowledge,2024-01-20
https://learnprompting.org/fr/ru/es/fr/zh-Hans/docs/intermediate/generated_knowledge,2024-01-20
https://learnprompting.org/si/ru/es/ja/docs/basics/starting_your_journey,2024-01-20